business_name,location,state,region,website,notes
Sarres Garden Supplies,Eastern Melbourne,VIC,Melbourne East,https://www.sarresgardensupplies.com.au/,50+ years; delivers Richmond to Kew
Fultons Building & Garden Supplies,Hawthorn & Wantirna,VIC,Melbourne East,https://www.cfulton.com.au/,Two yards
Wonga Garden Supplies,Eastern Melbourne,VIC,Melbourne East,https://wongags.com.au/,Sand and soil; services Surrey Hills area
Bulleen Art & Garden,Bulleen,VIC,Melbourne East,https://baag.com.au/,Delivers metro-wide
Bayside Garden Supplies,Bayside Melbourne,VIC,Melbourne SE,https://gardensupply.com.au/,Open 7 days; large pebble/rock range
Boundary Garden Supplies,Braeside & Somerville,VIC,Melbourne SE,https://boundarygardensupplies.com.au/,Multi-yard; delivery from $34
Mercuri Garden Supplies,Bundoora,VIC,Melbourne North,https://www.mercurigardensupplies.com.au/,Family-owned since 1977; same-day delivery 6 days
Somerton Garden & Concrete,Somerton,VIC,Melbourne North,https://somertongarden.com.au/,3-acre yard; 30km delivery radius
Dalton Building & Garden Supplies,Northern suburbs,VIC,Melbourne North,https://daltonbgs.com.au/,Fast delivery across Melbourne
All Green Nursery & Garden Supplies,Hoppers Crossing & Epping,VIC,Melbourne West/North,https://www.allgreen.com.au/,Two sites; own soil/mulch blends
Deer Park Building & Garden Supplies,Deer Park,VIC,Melbourne West,https://dpbgsupplies.com.au/,Delivers metro + country areas
The Green Centre,Melbourne,VIC,Melbourne,https://www.thegreencentre.com.au/,Family-run 25+ years; turf and firewood delivery
Daisy's Garden Supplies,Melbourne & Geelong,VIC,Melbourne/Geelong,https://daisysgarden.com.au/,Multi-site operator
Mornington Sand & Soil,Mornington,VIC,Mornington Peninsula,https://morningtonsandandsoil.com.au/,Peninsula-wide delivery
Peninsula Garden Supplies,Mornington Peninsula,VIC,Mornington Peninsula,https://peninsulagardensupplies.com.au/,Bulk and bagged
Bittern Garden Supplies,Bittern,VIC,Mornington Peninsula,https://www.bitterngardensupplies.com.au/,Same-day delivery
Westernport Sand & Soil,Western Port,VIC,Mornington Peninsula,https://westernportsandandsoil.com.au/,Own delivery fleet; also ready-mix concrete
Lara Garden Supplies,Lara,VIC,Geelong,https://www.laragardensupplies.com.au/,50+ years; earthmoving too
Wallingtons WRG,Wallington,VIC,Geelong/Bellarine,https://wallingtons.com.au/,Delivery + click & collect
Drysdale Home Timber & Hardware,Drysdale,VIC,Geelong/Bellarine,https://www.drysdalehome.com.au/,Sand/soil/mulch delivery Mon-Sat
Ballarat Landscape Supplies,Ballarat,VIC,Regional VIC,https://www.ballaratlandscapesupplies.com.au/,Online ordering + delivery
Ballarat Sand & Soil,Ballarat,VIC,Regional VIC,https://www.ballaratsandandsoil.com.au/,Truck hire too
Ballarat Garden Supplies,Ballarat,VIC,Regional VIC,https://www.ballaratgardensupplies.com.au/,
The Soil Yard,Ballarat,VIC,Regional VIC,https://www.thesoilyard.com.au/,20+ years
DHM Sand Gravel & Soil,Ballarat,VIC,Regional VIC,https://www.dhmsandgravelandsoil.com.au/,Locally sourced; reliable delivery
Dela Landscaping Supplies,Ballarat,VIC,Regional VIC,https://www.delalandscaping.com.au/,
Epsom Sand & Soil,Epsom (Bendigo),VIC,Regional VIC,https://www.epsomsandandsoil.com.au/,Since 1976; delivers Bendigo to Shepparton
Sand4U,Sefton,NSW,Sydney West,https://www.sand4u.com.au/,Sydney-wide 6 days 6:30am-5pm
Elite Sand & Soil,Sydney,NSW,Sydney,https://elitegroup.sydney/,Producer + distributor; commercial & residential
Skippens Landscape & Building Supplies,Matraville,NSW,Sydney East,https://www.skippens.com.au/,
Narellan Sand & Soil,Narellan,NSW,Sydney SW,https://www.narellansand.com.au/,Delivers across Sydney incl Penrith
Macarthur Sand & Soil,Macarthur,NSW,Sydney SW,https://www.macarthursandandsoil.com.au/,
Nepean Landscape Supplies,Penrith area,NSW,Sydney West,https://nepeanlbs.com.au/,Bulk landscaping + civil materials
Sandhub,Sydney,NSW,Sydney,https://sandhub.com.au/,Claims biggest raw materials yard in NSW
Four Seasons Nursery,Sydney,NSW,Sydney,https://fourseasonsnursery.com.au/,Delivery Mon-Sat metro
Benedict Sand & Gravel,Sydney (multiple sites),NSW,Sydney,https://www.benedict.com.au/,Next-day delivery; civil + landscape
Flower Power Garden Centres,Sydney (multi-site),NSW,Sydney,https://www.flowerpower.com.au/,Bulk delivery 7 days metro
Ace Landscapes,Northern Beaches,NSW,Sydney North,https://www.acelandscapes.com.au/,Delivers Northern Beaches + North Shore
Turtle Nursery & Landscape Supplies,Rouse Hill & South Windsor,NSW,Sydney NW,https://www.turtlenursery.com.au/,Two yards; Hills District coverage
Parklea Sand and Soil,Parklea,NSW,Sydney NW,https://parkleasandsoil.com.au/,
Lower Mountains Landscape Supplies,Blue Mountains,NSW,Sydney West,https://www.lmls.com.au/,7-day delivery Blue Mountains/Penrith
Sydney Landscape Supplies,Sydney,NSW,Sydney,https://sydneylandscapesupplies.com.au/,Online shop + delivery
Lee Rowans Gardenworld,Newcastle,NSW,Hunter,https://www.leerowans.com.au/,Delivers Newcastle/Hunter/Central Coast
Blue Gum Landscaping,Newcastle,NSW,Hunter,https://www.bluegumlandscaping.com.au/,Delivers Hunter/Port Stephens
Wyee Landscape Supplies,Wyee,NSW,Central Coast/Lake Macquarie,https://www.wyeelandscapesupplies.com.au/,Open 7 days; same/next-day delivery
Ourimbah Landscape Supplies,Ourimbah,NSW,Central Coast,https://www.ols.com.au/,
Ryans Turf,Wollongong region,NSW,Illawarra,https://www.ryansturf.com.au/,Delivers Wollongong/Shellharbour/Kiama
Albion Park Landscaping Supplies,Albion Park,NSW,Illawarra,https://www.albionparklandscapingsupplies.com.au/,Same-day and next-day delivery
Parkes Street Landscape Supplies,Wollongong region,NSW,Illawarra,https://pslandscapesupplies.com.au/,Delivers Illawarra + Sutherland Shire
Waratah Supplies,Wollongong,NSW,Illawarra,https://www.waratahsupplies.com.au/,
Highlands Sand and Soil,Southern Highlands,NSW,Regional NSW,https://www.highlandssandandsoil.com.au/,Covers Highlands/Wollondilly/Goulburn
Dubbo Soils & Landscaping Supplies,Dubbo,NSW,Regional NSW,https://www.dubbosoils.com/,Daily deliveries across Central NSW
Peards Landscape Supplies,Albury,NSW,Regional NSW,https://peardslandscapesupplies.com.au/,Albury-Wodonga
Pigot's Mid Western Sand & Soil,Orange,NSW,Regional NSW,https://www.midwesternsandandsoil.com.au/,Central West NSW delivery
Loam & Stone Landscape Supplies,Wagga Wagga,NSW,Regional NSW,,Supply + delivery Wagga and surrounds
Corkhill Bros,Canberra,ACT,Canberra,https://www.corkhillbros.com.au/,Canberra's largest landscape supplies outlet
Canberra Sand and Gravel,Canberra,ACT,Canberra,https://www.cansand.com.au/,60+ years; fast delivery
Wholesale Sleeper Co,Canberra/Queanbeyan,ACT,Canberra,https://wsleeper.com.au/,Own truck fleet of varied sizes
Weilwun Landscape Supplies,Canberra,ACT,Canberra,http://landscapes.weilwun.com.au/,
Paragalli Haulage,Queanbeyan,NSW,Canberra region,https://www.paragallihaulage.com.au/,Haulage company + landscape yard
Centenary Landscaping Supplies,Boondall,QLD,Brisbane North,https://northbrisbanelandscapes.com.au/,Since 1986; trade + councils + DIY; 7 days
Rock 'N' Soil,Brisbane,QLD,Brisbane,https://rocknsoil.com.au/,Fast delivery; trade pricing
RockMate Landscape Supplies,Brisbane,QLD,Brisbane,https://rockmate.com.au/,Delivery 7 days
Lawnton Landscaping Supplies,Lawnton,QLD,Brisbane North,https://lawntonlandscapingsupplies.com/,Bulk + bags
Brisbane Soils & Landscaping Supplies,Brisbane,QLD,Brisbane,https://brisbanesoils.com.au/,Wholesale pricing greater Brisbane
Apollo Landscaping,Brisbane,QLD,Brisbane,https://www.apollolandscaping.com.au/,
Bulka Bag Man,Brisbane,QLD,Brisbane,https://www.bulkabagman.com.au/,Bulka bag specialist
Bulk Landscape Supplies Brisbane,Brisbane,QLD,SEQ,https://bulklandscapesuppliesbrisbane.com.au/,Delivers Brisbane to Gold Coast and Sunshine Coast
Upper Coomera Landscape Supplies,Upper Coomera,QLD,Gold Coast,https://uppercoomeralandscape.com.au/,Northern Gold Coast coverage
PBC Landscape Supplies,Gold Coast,QLD,Gold Coast,https://pbclandscapesupplies.com.au/,Direct-from-quarry; same-day; large trucks
Mudgeeraba Landscape Centre,Mudgeeraba,QLD,Gold Coast,https://mudgeerabalandscape.com.au/,10+ years
Gold Coast Soils & Landscaping Supplies,Gold Coast,QLD,Gold Coast,https://goldcoastsoils.com.au/,
Gold Coast Gravel Supplies,Gold Coast,QLD,Gold Coast,https://goldcoastgravelsupplies.com.au/,Discounted delivered pricing
Burleigh Garden Supplies,Burleigh Heads,QLD,Gold Coast,https://www.burleighgardensupplies.com.au/,
Toowoomba Landscape Supplies,Toowoomba,QLD,Darling Downs,https://www.toowoombalandscapes.com.au/,Since 1974
Garden City Landscape Centre,Toowoomba,QLD,Darling Downs,https://bulklandscapesuppliestoowoomba.com.au/,
Bedrock Landscape Centre,Townsville,QLD,North QLD,https://www.bedrocklandscape.com.au/,
Scott Kennedy's Landscape & Garden Supplies,Townsville,QLD,North QLD,https://www.scottkennedylandscape.com.au/,Since 2005; delivers to Ingham and Charters Towers
Townsville Mini Loads,Townsville,QLD,North QLD,https://www.miniloads.com.au/,Small-load delivery specialist
McCahill's Landscaping Supplies,Stuart (Townsville),QLD,North QLD,https://mccahillslandscapingsupplies.com/,Open 7 days
Nature's Earth FNQ,Cairns/Tablelands,QLD,Far North QLD,https://naturesearthfnq.com.au/,Family-owned; delivers Cairns to Townsville
SA Landscape Supplies,Hackham/Aldinga Beach/Reynella,SA,Adelaide South,https://salandscape.com.au/,Three yards; same-day 7 days
Green Hornet Garden & Landscape Supplies,Adelaide,SA,Adelaide,https://www.greenhornet.com.au/,Own fleet 1-14 tonne; same-day before midday
Forsters Landscape Supplies,Trinity Gardens,SA,Adelaide East,https://www.forsterslandscapesupplies.com.au/,
Buttrose Landscape & Garden Supplies,Willaston (Gawler),SA,Adelaide North,https://buttroselandscapegarden.com.au/,
Wood'n'Logs,Southern Adelaide,SA,Adelaide South,https://www.woodnlogs.com.au/,Loam/mulch + firewood
Fleurieu Landscape & Garden Supplies,Victor Harbor,SA,Fleurieu Peninsula,https://fleurieulandscape.com.au/,
Adelaide Hills Garden Supplies,Adelaide Hills,SA,Adelaide Hills,https://www.peatssoil.com.au/directory/listing/adelaide-hills-garden-supplies,
Mulches and More,Perth,WA,Perth,https://mulchesandmore.com.au/,30+ years; metro-wide fast delivery
Bibra Lake Soils,Bibra Lake,WA,Perth South,https://www.bibralakesoils.com.au/,Free 2hr trailer use
Soil Yourself,Wangara,WA,Perth North,https://soilyourself.com.au/,Family-run; supplier-direct delivery
Maddington Landscape & Garden Supplies,Maddington,WA,Perth SE,https://maddingtonlandscape.com.au/,Free trailer hire or bulk delivery
Slab & Garden City,Perth,WA,Perth,https://slabandgardencity.com.au/,Since 1985; same/next-day
All Soils,Perth,WA,Perth,https://www.allsoils.com.au/,25+ years metro
Little Loads,Perth,WA,Perth,https://www.littleloads.com.au/,Small-load delivery specialist
Richgro Landscape & Commercial,Jandakot,WA,Perth,https://commercial.richgro.com.au/,Bulk soils/composts/mulches
HALS Horticultural & Landscape Supplies,Hobart,TAS,Hobart,https://www.hals.com.au/,Tasmanian-owned bulk specialist
Leslie Vale Landscape & Gravel Supplies,Leslie Vale & Huonville,TAS,Hobart,https://www.llgs.com.au/,Two sites
DecorEarth Glenorchy,Glenorchy,TAS,Hobart,https://decorearthglenorchy.com.au/,
Tas Mulch,Tasmania-wide,TAS,Tasmania,https://tasmulch.com.au/,Bulk distribution anywhere in TAS
ABEL Landscape Supplies,Launceston,TAS,Northern TAS,https://www.abellandscape.com.au/,Delivery 7 days
Glebe Gardens,Launceston,TAS,Northern TAS,https://glebegardenslaunceston.com.au/,
Rural Garden Supplies,Humpty Doo,NT,Darwin Rural,https://www.ruralgardensupplieshumptydoo.com/,Delivers Darwin City to Darwin River
Green Vision NT,Darwin,NT,Darwin,https://www.greenvisionnt.com.au/,Delivers Palmerston/Zuccoli/Durack
Paradise Group (Paradise Nursery),Darwin/Palmerston,NT,Darwin,https://www.paradisegroupnt.com.au/,20+ supply bays; delivery 6 days
Finlays Stone,Darwin,NT,Darwin,https://finlaysstone.com.au/,Stone + landscape materials
NT Utes Mulch Deliveries,Darwin City,NT,Darwin,https://ntutes.com.au/,Multi-load staggered deliveries
